{"stats":{"minecraft:picked_up":{"minecraft:oak_log":1,"minecraft:stick":2,"minecraft:rotten_flesh":3,"minecraft:wheat_seeds":1,"minecraft:dirt":20},"minecraft:mined":{"minecraft:grass_block":25,"minecraft:oak_log":1,"minecraft:oak_leaves":10,"antlers:bloody_pig":1,"minecraft:dirt":3},"minecraft:used":{"minecraft:dirt":7},"minecraft:custom":{"minecraft:jump":25,"minecraft:time_since_rest":4076,"minecraft:crouch_one_cm":668,"minecraft:leave_game":1,"minecraft:play_time":4076,"minecraft:sprint_one_cm":1531,"minecraft:time_since_death":4076,"minecraft:walk_one_cm":3697,"minecraft:sneak_time":504,"minecraft:total_world_time":4076,"minecraft:fall_one_cm":954,"minecraft:fly_one_cm":3100}},"DataVersion":3465}