{"stats":{"minecraft:killed_by":{"born_in_chaos_v1:corpse_fly":1,"apollyon:the_damned":1,"antlers:wendigo":2},"minecraft:picked_up":{"minecraft:stick":2,"minecraft:rotten_flesh":6,"minecraft:mangrove_wood":6,"minecraft:wheat_seeds":3,"minecraft:stripped_spruce_wood":3,"minecraft:oak_log":3,"minecraft:iron_boots":2,"minecraft:dirt":20,"antlers:tomahawkitem":4},"minecraft:mined":{"minecraft:grass":1,"minecraft:grass_block":25,"minecraft:oak_log":1,"minecraft:rose_bush":1,"minecraft:dirt":3,"biomesoplenty:sprout":2,"minecraft:oak_leaves":10,"antlers:bloody_pig":1,"minecraft:mangrove_wood":1},"minecraft:used":{"minecraft:dirt":7,"minecraft:bread":2,"minecraft:iron_boots":1},"minecraft:custom":{"minecraft:open_barrel":11,"minecraft:time_since_rest":5328,"minecraft:open_chest":7,"minecraft:deaths":4,"minecraft:crouch_one_cm":1954,"minecraft:sprint_one_cm":29279,"minecraft:play_time":28076,"minecraft:damage_taken":1200,"minecraft:walk_one_cm":25312,"minecraft:sneak_time":1393,"minecraft:damage_dealt_resisted":1,"minecraft:jump":186,"minecraft:damage_dealt":403,"minecraft:leave_game":1,"minecraft:time_since_death":5267,"minecraft:climb_one_cm":1054,"minecraft:total_world_time":28076,"minecraft:interact_with_smoker":2,"minecraft:fall_one_cm":6567,"minecraft:fly_one_cm":38292}},"DataVersion":3465}