{"stats":{"minecraft:killed_by":{"apollyon:the_damned":1,"antlers:wendigo":2},"minecraft:picked_up":{"minecraft:stick":2,"minecraft:rotten_flesh":6,"minecraft:mangrove_wood":6,"minecraft:wheat_seeds":3,"minecraft:stripped_spruce_wood":3,"minecraft:oak_log":3,"minecraft:iron_boots":2,"minecraft:dirt":20,"antlers:tomahawkitem":4},"minecraft:mined":{"minecraft:grass":1,"minecraft:grass_block":25,"minecraft:oak_log":1,"minecraft:rose_bush":1,"minecraft:dirt":3,"biomesoplenty:sprout":1,"minecraft:oak_leaves":10,"antlers:bloody_pig":1,"minecraft:mangrove_wood":1},"minecraft:used":{"minecraft:dirt":7,"minecraft:iron_boots":1},"minecraft:custom":{"minecraft:open_barrel":8,"minecraft:time_since_rest":1946,"minecraft:open_chest":7,"minecraft:deaths":3,"minecraft:crouch_one_cm":1954,"minecraft:sprint_one_cm":18536,"minecraft:play_time":16076,"minecraft:damage_taken":916,"minecraft:walk_one_cm":19944,"minecraft:sneak_time":1393,"minecraft:jump":97,"minecraft:damage_dealt":353,"minecraft:leave_game":1,"minecraft:time_since_death":1484,"minecraft:climb_one_cm":1054,"minecraft:total_world_time":16076,"minecraft:interact_with_smoker":2,"minecraft:fall_one_cm":3636,"minecraft:fly_one_cm":17087}},"DataVersion":3465}