{"stats":{"minecraft:custom":{"minecraft:jump":53,"minecraft:time_since_rest":2706,"minecraft:damage_dealt":319,"minecraft:leave_game":1,"minecraft:sprint_one_cm":6965,"minecraft:play_time":2706,"minecraft:time_since_death":2706,"minecraft:walk_one_cm":2137,"minecraft:total_world_time":2706,"minecraft:mob_kills":3,"minecraft:fall_one_cm":1939,"minecraft:fly_one_cm":10031},"minecraft:mined":{"minecraft:grass":2,"minecraft:grass_block":4},"minecraft:used":{"minecraft:dirt":3},"minecraft:killed":{"minecraft:sheep":3},"minecraft:picked_up":{"minecraft:mutton":3,"minecraft:white_wool":3,"minecraft:dirt":3}},"DataVersion":3465}