{"stats":{"minecraft:picked_up":{"minecraft:mangrove_roots":2},"minecraft:killed_by":{"born_in_chaos_v1:corpse_fly":1,"antlers:wendigo":1},"minecraft:mined":{"minecraft:white_stained_glass_pane":2,"minecraft:mangrove_roots":1},"minecraft:used":{"minecraft:apple":2,"minecraft:mangrove_roots":1,"born_in_chaos_v1:monster_flesh":1,"minecraft:map":1,"minecraft:iron_helmet":1},"minecraft:custom":{"minecraft:open_barrel":7,"minecraft:time_since_rest":2165,"minecraft:open_chest":15,"minecraft:crouch_one_cm":1421,"minecraft:sprint_one_cm":27011,"minecraft:play_time":11710,"minecraft:deaths":2,"minecraft:damage_taken":811,"minecraft:walk_one_cm":35168,"minecraft:sneak_time":358,"minecraft:walk_under_water_one_cm":722,"minecraft:jump":141,"minecraft:damage_dealt":33,"minecraft:leave_game":1,"minecraft:walk_on_water_one_cm":628,"minecraft:time_since_death":2106,"minecraft:climb_one_cm":862,"minecraft:total_world_time":11710,"minecraft:swim_one_cm":867,"minecraft:fall_one_cm":3719,"minecraft:fly_one_cm":23871}},"DataVersion":3465}