{"stats":{"minecraft:killed_by":{"antlers:wendigo":1},"minecraft:picked_up":{"minecraft:mangrove_roots":2},"minecraft:mined":{"minecraft:mangrove_roots":1},"minecraft:used":{"minecraft:iron_helmet":1,"minecraft:apple":2},"minecraft:custom":{"minecraft:jump":30,"minecraft:open_chest":8,"minecraft:time_since_rest":294,"minecraft:leave_game":1,"minecraft:deaths":1,"minecraft:damage_dealt":10,"minecraft:crouch_one_cm":648,"minecraft:sprint_one_cm":9144,"minecraft:play_time":4390,"minecraft:damage_taken":306,"minecraft:time_since_death":240,"minecraft:walk_one_cm":16646,"minecraft:sneak_time":190,"minecraft:climb_one_cm":547,"minecraft:total_world_time":4390,"minecraft:fall_one_cm":420,"minecraft:fly_one_cm":3843,"minecraft:open_barrel":7}},"DataVersion":3465}