{
  "rpg_series:root": {
    "criteria": {
      "always": "2024-07-22 19:08:10 +0000"
    },
    "done": true
  },
  "repurposed_structures:root": {
    "criteria": {
      "always": "2024-07-22 19:08:10 +0000"
    },
    "done": true
  },
  "minecraft:recipes/decorations/crafting_table": {
    "criteria": {
      "unlock_right_away": "2024-07-22 19:08:10 +0000"
    },
    "done": true
  },
  "repurposed_structures:witch_huts": {
    "criteria": {
      "in_witch_hut_oak": "2024-07-22 19:10:18 +0000"
    },
    "done": false
  },
  "minecraft:adventure/adventuring_time": {
    "criteria": {
      "minecraft:stony_shore": "2024-07-22 19:10:10 +0000",
      "minecraft:dripstone_caves": "2024-07-22 19:12:27 +0000",
      "minecraft:grove": "2024-07-22 19:10:30 +0000",
      "minecraft:forest": "2024-07-22 19:10:17 +0000",
      "minecraft:plains": "2024-07-22 19:08:13 +0000"
    },
    "done": false
  },
  "DataVersion": 3465
}